{
  "value1_mean_stats": {
    "mean": 100.06097424505725,
    "std": 0.13364859460249695,
    "min": 99.88990246432152,
    "max": 100.21149984357295
  },
  "value1_count_stats": {
    "mean": 12500.0,
    "std": 102.88180921167097,
    "min": 12380.0,
    "max": 12627.0
  },
  "value2_mean_stats": {
    "mean": 2.0047984170086517,
    "std": 0.014369763058579722,
    "min": 1.9835483574338504,
    "max": 2.0151484704151397
  },
  "value1_normalized_mean_stats": {
    "mean": -0.00012304630192454225,
    "std": 0.008975136196905088,
    "min": -0.011572900354013108,
    "max": 0.01006008397592796
  },
  "value_ratio_mean_stats": {
    "mean": 46.08752166439156,
    "std": 0.28031558470015844,
    "min": 45.94170673824989,
    "max": 46.50782275287189
  },
  "complexity_score": 0.5188343629445474
}