category,value1_mean,value1_count,value2_mean,value1_normalized_mean,value_ratio_mean
A,100.21149984357295,12472,1.9835483574338504,0.01006008397592796,46.50782275287189
B,100.09818483552371,12380,2.0110780484417607,0.002251236983338028,45.94170673824989
C,99.88990246432152,12627,2.0151484704151397,-0.011572900354013108,45.94178868462981
D,100.04430983681087,12521,2.0094187917438564,-0.0012306058129510481,45.95876848181463
