{
  "value1_mean_stats": {
    "mean": 100.08208227256787,
    "std": 0.17792066508562385,
    "min": 99.88573096405335,
    "max": 100.25956256783704
  },
  "value1_std_stats": {
    "mean": 14.998288223196967,
    "std": 0.10911080857015246,
    "min": 14.860860769207688,
    "max": 15.120884274384228
  },
  "value1_count_stats": {
    "mean": 12500.0,
    "std": 29.687258770949757,
    "min": 12463.0,
    "max": 12525.0
  },
  "value2_mean_stats": {
    "mean": 1.9968583424025077,
    "std": 0.01420855995186344,
    "min": 1.983021284240839,
    "max": 2.015196108417395
  },
  "value2_median_stats": {
    "mean": 1.3874924698651343,
    "std": 0.009855534586689679,
    "min": 1.3730054047568097,
    "max": 1.3939029825171074
  },
  "value1_normalized_mean_stats": {
    "mean": -7.391473484254663e-06,
    "std": 0.011862253447729034,
    "min": -0.013098445203929403,
    "max": 0.011825501818857385
  },
  "value_ratio_mean_stats": {
    "mean": 46.23178529526241,
    "std": 0.16169712176971898,
    "min": 46.00032705912361,
    "max": 46.37144783092685
  },
  "complexity_score": 0.49601478938787646
}