category,value1_mean,value1_std,value1_count,value2_mean,value2_median,value1_normalized_mean,value_ratio_mean
A,99.98030595414734,14.860860769207688,12525,1.988786326293114,1.3730054047568097,-0.0067929803397365806,46.2537445437407
B,100.25956256783704,14.976639999284327,12489,2.015196108417395,1.393506803818209,0.011825501818857385,46.37144783092685
C,100.20272960423377,15.120884274384228,12523,1.983021284240839,1.3939029825171074,0.00803635783087158,46.30162174725848
D,99.88573096405335,15.034767849911626,12463,2.0004296506586825,1.3895546883684111,-0.013098445203929403,46.00032705912361
