{
  "start": 0,
  "数据生成完成": 0.10534334182739258,
  "开始数据预处理": 0.10538411140441895,
  "数据预处理完成": 0.3091869354248047,
  "开始数据转换": 0.30921411514282227,
  "数据转换完成": 0.47229886054992676,
  "开始指标计算": 0.47232961654663086,
  "指标计算完成": 0.6543433666229248,
  "开始保存结果": 0.6546592712402344
}