{
  "value1_count_stats": {
    "mean": 1562.5,
    "total_count": 32
  },
  "complexity_score": 0.46242813858732285,
  "value1_std_stats": {
    "mean": 14.938310090184077,
    "total_count": 32
  },
  "value1_mean_stats": {
    "mean": 100.11519169799558,
    "total_count": 32
  },
  "value2_mean_stats": {
    "mean": 1.9865577492914208,
    "total_count": 32
  },
  "value_ratio_mean_stats": {
    "mean": 46.22129151617443,
    "total_count": 32
  },
  "value1_normalized_mean_stats": {
    "mean": 1.9791985851648892e-06,
    "total_count": 32
  },
  "value2_median_stats": {
    "mean": 1.3897752802251677,
    "total_count": 32
  }
}