category,value1_mean,value1_std,value1_count,value2_mean,value2_median,value1_normalized_mean,value_ratio_mean
A,100.24863956196674,14.924631323559739,12356,1.9992484320255623,1.4141412566899032,0.008940352968192134,45.893179918266625
B,99.90885434516866,15.001824233675553,12384,1.9803594961787732,1.349674550062841,-0.01381597913536382,46.32829023053343
C,100.32450742926292,14.842504461740747,12632,2.0134428079927797,1.4102641812362324,0.01402242064897053,46.48760424816205
D,99.97876545558398,14.984280341760268,12628,1.9531802609685684,1.3850211329116946,-0.009138877687458188,46.17609166773562
