{
  "开始数据生成": 0.011438846588134766,
  "数据生成完成": 0.04081463813781738,
  "开始数据预处理": 0.0408320426940918,
  "数据预处理完成": 0.09615898132324219,
  "开始数据转换": 0.09618043899536133,
  "数据转换完成": 0.14359617233276367,
  "开始指标计算": 0.143632173538208,
  "指标计算完成": 2.0497097969055176,
  "开始结果聚合": 2.0537991523742676,
  "结果聚合完成": 2.0575332641601562,
  "开始保存结果": 2.0575525760650635
}